Datetime,Exchange,Symbol_Pair,Open,High,Low,Close,Volume_USD,Volume_in_DOGE
2022-04-25 00:00:00,Bitfinex,DOG/USD,134080.0,134080.0,125070.0,125140.0,303.68099220000005,0.00242673
2022-04-24 23:00:00,Bitfinex,DOG/USD,134640.0,134690.0,130800.0,132970.0,106.9690462,0.00080446
2022-04-24 22:00:00,Bitfinex,DOG/USD,133300.0,134850.0,130750.0,133240.0,97.0706696,0.00072854
2022-04-24 21:00:00,Bitfinex,DOG/USD,132910.0,134630.0,129390.0,134630.0,114.1325825,0.00084775
2022-04-24 20:00:00,Bitfinex,DOG/USD,132130.0,133130.0,129950.0,132920.0,55.1764212,0.00041511
2022-04-24 19:00:00,Bitfinex,DOG/USD,132320.0,132320.0,129540.0,132140.0,121.6956544,0.00092096
2022-04-24 18:00:00,Bitfinex,DOG/USD,132430.0,132430.0,129460.0,132330.0,74.2980018,0.00056146
2022-04-24 17:00:00,Bitfinex,DOG/USD,131560.0,133980.0,128430.0,129170.0,106.6375852,0.00082556
2022-04-24 16:00:00,Bitfinex,DOG/USD,134140.0,135620.0,131470.0,131560.0,194.2536024,0.00147654
2022-04-24 15:00:00,Bitfinex,DOG/USD,134380.0,135640.0,130350.0,131460.0,110.4093102,0.00083987
2022-04-24 14:00:00,Bitfinex,DOG/USD,133600.0,134990.0,131690.0,134350.0,102.8838865,0.00076579
2022-04-24 13:00:00,Bitfinex,DOG/USD,134100.0,135140.0,131620.0,133540.0,109.5388558,0.00082027
2022-04-24 12:00:00,Bitfinex,DOG/USD,133920.0,135060.0,131300.0,134110.0,118.2608802,0.00088182
2022-04-24 11:00:00,Bitfinex,DOG/USD,133180.0,136740.0,129580.0,135610.0,242.0462207,0.00178487
2022-04-24 10:00:00,Bitfinex,DOG/USD,133070.0,136970.0,132750.0,132950.0,106.009012,0.00079736
2022-04-24 09:00:00,Bitfinex,DOG/USD,135380.0,136860.0,132770.0,135340.0,122.4935272,0.00090508
2022-04-24 08:00:00,Bitfinex,DOG/USD,135430.0,136870.0,133410.0,133470.0,110.1728115,0.00082545
2022-04-24 07:00:00,Bitfinex,DOG/USD,135520.0,135520.0,133370.0,135430.0,121.6852093,0.00089851
2022-04-24 06:00:00,Bitfinex,DOG/USD,132750.0,135750.0,132750.0,135350.0,122.261655,0.0009033
2022-04-24 05:00:00,Bitfinex,DOG/USD,135350.0,136660.0,132750.0,135180.0,109.083501,0.00080695
2022-04-24 04:00:00,Bitfinex,DOG/USD,133270.0,136910.0,133270.0,136660.0,122.5539548,0.00089678
2022-04-24 03:00:00,Bitfinex,DOG/USD,132900.0,136960.0,132900.0,135360.0,109.2477024,0.00080709
2022-04-24 02:00:00,Bitfinex,DOG/USD,133100.0,135670.0,132760.0,134960.0,125.47906,0.00092975
2022-04-24 01:00:00,Bitfinex,DOG/USD,135380.0,135450.0,132770.0,135070.0,98.7888473,0.00073139
2022-04-24 00:00:00,Bitfinex,DOG/USD,135250.0,136110.0,132760.0,135400.0,110.361832,0.00081508
2022-04-23 23:00:00,Bitfinex,DOG/USD,136830.0,136830.0,132750.0,132750.0,160.709805,0.00121062
2022-04-23 22:00:00,Bitfinex,DOG/USD,134320.0,136840.0,134240.0,136190.0,113.9420016,0.00083664
2022-04-23 21:00:00,Bitfinex,DOG/USD,136410.0,137870.0,132760.0,136590.0,110.1133944,0.00080616
2022-04-23 20:00:00,Bitfinex,DOG/USD,136370.0,136440.0,133590.0,136430.0,119.3871644,0.00087508
2022-04-23 19:00:00,Bitfinex,DOG/USD,134890.0,137720.0,132800.0,133780.0,113.2140006,0.00084627
2022-04-23 18:00:00,Bitfinex,DOG/USD,134770.0,138070.0,134770.0,136270.0,110.0284861,0.00080743
2022-04-23 17:00:00,Bitfinex,DOG/USD,136710.0,137970.0,134640.0,136590.0,110.2773024,0.00080736
2022-04-23 16:00:00,Bitfinex,DOG/USD,136790.0,138510.0,133010.0,138460.0,122.3487944,0.00088364
2022-04-23 15:00:00,Bitfinex,DOG/USD,135770.0,138270.0,132800.0,136580.0,102.749134,0.0007523
2022-04-23 14:00:00,Bitfinex,DOG/USD,136310.0,136340.0,133000.0,135780.0,106.0550424,0.00078108
2022-04-23 13:00:00,Bitfinex,DOG/USD,136300.0,136460.0,134210.0,134300.0,113.504988,0.00084516
2022-04-23 12:00:00,Bitfinex,DOG/USD,136350.0,136470.0,134080.0,134200.0,102.311396,0.00076238
2022-04-23 11:00:00,Bitfinex,DOG/USD,136470.0,137970.0,134060.0,134110.0,109.3908448,0.00081568
2022-04-23 10:00:00,Bitfinex,DOG/USD,136130.0,137550.0,133940.0,134050.0,114.5470655,0.00085451
2022-04-23 09:00:00,Bitfinex,DOG/USD,133820.0,136750.0,133820.0,133960.0,104.917472,0.0007832
2022-04-23 08:00:00,Bitfinex,DOG/USD,135860.0,137180.0,132760.0,136110.0,114.3038169,0.00083979
2022-04-23 07:00:00,Bitfinex,DOG/USD,135000.0,137390.0,132920.0,137390.0,114.7000415,0.00083485
2022-04-23 06:00:00,Bitfinex,DOG/USD,132850.0,135170.0,132850.0,135010.0,103.5013662,0.00076662
2022-04-23 05:00:00,Bitfinex,DOG/USD,132770.0,135340.0,132770.0,135180.0,112.7522862,0.00083409
2022-04-23 04:00:00,Bitfinex,DOG/USD,132770.0,136010.0,132750.0,135300.0,131.450715,0.00097155
2022-04-23 03:00:00,Bitfinex,DOG/USD,135070.0,137500.0,132760.0,135900.0,108.637101,0.00079939
2022-04-23 02:00:00,Bitfinex,DOG/USD,136380.0,137710.0,135010.0,136000.0,63.67248,0.00046818
2022-04-23 01:00:00,Bitfinex,DOG/USD,134900.0,137840.0,134900.0,135000.0,116.75475,0.00086485
2022-04-23 00:00:00,Bitfinex,DOG/USD,137460.0,138460.0,134800.0,136570.0,102.7784849,0.00075257
2022-04-22 23:00:00,Bitfinex,DOG/USD,134590.0,138490.0,134580.0,138490.0,102.094828,0.0007372
2022-04-22 22:00:00,Bitfinex,DOG/USD,134120.0,138190.0,134110.0,134580.0,106.9265016,0.00079452
2022-04-22 21:00:00,Bitfinex,DOG/USD,137160.0,137940.0,133630.0,134110.0,117.9175586,0.00087926
2022-04-22 20:00:00,Bitfinex,DOG/USD,137600.0,137600.0,134120.0,134510.0,96.3616189,0.00071639
2022-04-22 19:00:00,Bitfinex,DOG/USD,136280.0,137510.0,132770.0,134120.0,79.4741472,0.00059256
2022-04-22 18:00:00,Bitfinex,DOG/USD,133530.0,136580.0,133530.0,136290.0,91.6632024,0.00067256
2022-04-22 17:00:00,Bitfinex,DOG/USD,133390.0,137360.0,132760.0,136590.0,109.7077221,0.00080319
2022-04-22 16:00:00,Bitfinex,DOG/USD,136080.0,137560.0,133150.0,136320.0,110.6959296,0.00081203
2022-04-22 15:00:00,Bitfinex,DOG/USD,136920.0,137800.0,135410.0,135500.0,101.910905,0.00075211
2022-04-22 14:00:00,Bitfinex,DOG/USD,135180.0,138280.0,135180.0,135400.0,108.09659,0.00079835
2022-04-22 13:00:00,Bitfinex,DOG/USD,137610.0,139340.0,134500.0,135170.0,115.6595622,0.00085566
2022-04-22 12:00:00,Bitfinex,DOG/USD,137870.0,137870.0,134530.0,137620.0,113.4525518,0.00082439
2022-04-22 11:00:00,Bitfinex,DOG/USD,135770.0,137980.0,134510.0,137880.0,97.1350812,0.00070449
2022-04-22 10:00:00,Bitfinex,DOG/USD,135170.0,138990.0,135170.0,137750.0,110.39836,0.00080144
2022-04-22 09:00:00,Bitfinex,DOG/USD,139510.0,139690.0,134940.0,136590.0,123.8242986,0.00090654
2022-04-22 08:00:00,Bitfinex,DOG/USD,138770.0,140380.0,134860.0,138120.0,115.5000876,0.00083623
2022-04-22 07:00:00,Bitfinex,DOG/USD,138550.0,140420.0,134820.0,140420.0,107.2584128,0.00076384
2022-04-22 06:00:00,Bitfinex,DOG/USD,138150.0,140050.0,132920.0,140050.0,108.675999,0.00077598
2022-04-22 05:00:00,Bitfinex,DOG/USD,138040.0,139830.0,134620.0,139640.0,120.9785104,0.00086636
2022-04-22 04:00:00,Bitfinex,DOG/USD,137890.0,139640.0,132790.0,134430.0,110.9665878,0.00082546
2022-04-22 03:00:00,Bitfinex,DOG/USD,139070.0,139070.0,135440.0,135500.0,107.455565,0.00079303
2022-04-22 02:00:00,Bitfinex,DOG/USD,137670.0,139400.0,135370.0,137630.0,113.9603926,0.00082802
2022-04-22 01:00:00,Bitfinex,DOG/USD,137540.0,139120.0,135220.0,135360.0,96.9407712,0.00071617
2022-04-22 00:00:00,Bitfinex,DOG/USD,138940.0,139340.0,133500.0,139220.0,121.8175,0.000875
2022-04-21 23:00:00,Bitfinex,DOG/USD,134370.0,139210.0,132770.0,133310.0,107.6398264,0.00080744
2022-04-21 22:00:00,Bitfinex,DOG/USD,137730.0,138790.0,133490.0,137040.0,112.1905368,0.00081867
2022-04-21 21:00:00,Bitfinex,DOG/USD,138960.0,138960.0,134710.0,134720.0,94.4494976,0.00070108
2022-04-21 20:00:00,Bitfinex,DOG/USD,136770.0,140280.0,133990.0,137630.0,168.0434774,0.00122098
2022-04-21 19:00:00,Bitfinex,DOG/USD,139780.0,140720.0,136690.0,139090.0,114.1275177,0.00082053
2022-04-21 18:00:00,Bitfinex,DOG/USD,139350.0,141350.0,135480.0,139860.0,115.6963878,0.00082723
2022-04-21 17:00:00,Bitfinex,DOG/USD,139190.0,141900.0,139190.0,139350.0,92.6942265,0.00066519
2022-04-21 16:00:00,Bitfinex,DOG/USD,141730.0,143140.0,138440.0,139180.0,120.453331,0.00086545
2022-04-21 15:00:00,Bitfinex,DOG/USD,141380.0,143770.0,135010.0,137930.0,106.6654069,0.00077333
2022-04-21 14:00:00,Bitfinex,DOG/USD,142720.0,142720.0,137790.0,141390.0,117.339561,0.0008299
2022-04-21 13:00:00,Bitfinex,DOG/USD,140580.0,143800.0,136890.0,142730.0,121.9313844,0.00085428
2022-04-21 12:00:00,Bitfinex,DOG/USD,140310.0,143800.0,140310.0,142880.0,106.9013872,0.00074819
2022-04-21 11:00:00,Bitfinex,DOG/USD,139830.0,143800.0,139100.0,142150.0,103.809302,0.00073028
2022-04-21 10:00:00,Bitfinex,DOG/USD,141040.0,143470.0,137650.0,142140.0,113.4788904,0.00079836
2022-04-21 09:00:00,Bitfinex,DOG/USD,139860.0,142290.0,137190.0,141070.0,119.4326834,0.00084662
2022-04-21 08:00:00,Bitfinex,DOG/USD,141900.0,142030.0,139820.0,141590.0,106.0891393,0.00074927
2022-04-21 07:00:00,Bitfinex,DOG/USD,140660.0,142210.0,139750.0,142040.0,132.2207748,0.00093087
2022-04-21 06:00:00,Bitfinex,DOG/USD,140250.0,142270.0,139500.0,142220.0,98.0379348,0.00068934
2022-04-21 05:00:00,Bitfinex,DOG/USD,141620.0,142920.0,139500.0,141830.0,113.7930456,0.00080232
2022-04-21 04:00:00,Bitfinex,DOG/USD,141900.0,143460.0,139340.0,139490.0,115.888292,0.0008308
2022-04-21 03:00:00,Bitfinex,DOG/USD,143700.0,143790.0,137560.0,143520.0,119.1459984,0.00083017
2022-04-21 02:00:00,Bitfinex,DOG/USD,144210.0,144430.0,135670.0,142150.0,125.23699299999998,0.0008810199999999
2022-04-21 01:00:00,Bitfinex,DOG/USD,144200.0,144480.0,135560.0,142460.0,112.835443,0.00079205
2022-04-21 00:00:00,Bitfinex,DOG/USD,141810.0,144370.0,136250.0,142620.0,100.2090906,0.00070263
2022-04-20 23:00:00,Bitfinex,DOG/USD,144060.0,144120.0,136200.0,136240.0,107.0860024,0.00078601
2022-04-20 22:00:00,Bitfinex,DOG/USD,142990.0,144830.0,136170.0,142700.0,116.941223,0.00081949
2022-04-20 21:00:00,Bitfinex,DOG/USD,142460.0,144740.0,135540.0,144740.0,119.1239148,0.00082302
2022-04-20 20:00:00,Bitfinex,DOG/USD,140840.0,142550.0,135230.0,142540.0,115.1765962,0.00080803
2022-04-20 19:00:00,Bitfinex,DOG/USD,140840.0,142810.0,132900.0,140850.0,1510.6711815,0.01072539
2022-04-20 18:00:00,Bitfinex,DOG/USD,142540.0,144020.0,138680.0,142080.0,112.7788416,0.00079377
2022-04-20 17:00:00,Bitfinex,DOG/USD,143310.0,144700.0,136380.0,138670.0,103.5670762,0.00074686
2022-04-20 16:00:00,Bitfinex,DOG/USD,142430.0,145160.0,137690.0,145160.0,115.1452668,0.00079323
2022-04-20 15:00:00,Bitfinex,DOG/USD,143410.0,144310.0,137620.0,144220.0,117.5075716,0.00081478
2022-04-20 14:00:00,Bitfinex,DOG/USD,143690.0,145470.0,137570.0,145030.0,116.7607524,0.00080508
2022-04-20 13:00:00,Bitfinex,DOG/USD,146240.0,149050.0,137470.0,145230.0,122.8195587,0.00084569
2022-04-20 12:00:00,Bitfinex,DOG/USD,148610.0,148690.0,137370.0,147990.0,118.2810075,0.00079925
2022-04-20 11:00:00,Bitfinex,DOG/USD,148550.0,148890.0,137260.0,146990.0,119.0751291,0.00081009
2022-04-20 10:00:00,Bitfinex,DOG/USD,145580.0,148490.0,136220.0,146990.0,119.4764118,0.00081282
2022-04-20 09:00:00,Bitfinex,DOG/USD,147380.0,147680.0,137210.0,145820.0,113.3940066,0.00077763
2022-04-20 08:00:00,Bitfinex,DOG/USD,145810.0,147380.0,137190.0,146170.0,124.7180908,0.00085324
2022-04-20 07:00:00,Bitfinex,DOG/USD,146320.0,147540.0,137270.0,145950.0,117.7743525,0.00080695
2022-04-20 06:00:00,Bitfinex,DOG/USD,147210.0,147250.0,138320.0,138550.0,112.6896425,0.00081335
2022-04-20 05:00:00,Bitfinex,DOG/USD,146820.0,147210.0,136000.0,146970.0,115.2039042,0.00078386
2022-04-20 04:00:00,Bitfinex,DOG/USD,144220.0,146800.0,134850.0,146020.0,117.3183088,0.00080344
2022-04-20 03:00:00,Bitfinex,DOG/USD,144130.0,146120.0,135550.0,145670.0,105.0659442,0.00072126
2022-04-20 02:00:00,Bitfinex,DOG/USD,142900.0,144310.0,134550.0,135530.0,112.3259087,0.00082879
2022-04-20 01:00:00,Bitfinex,DOG/USD,142690.0,144470.0,134020.0,134370.0,105.3931095,0.00078435
2022-04-20 00:00:00,Bitfinex,DOG/USD,143630.0,145470.0,135440.0,135650.0,127.114902,0.00093708
2022-04-19 23:00:00,Bitfinex,DOG/USD,142730.0,145740.0,134980.0,135430.0,121.5660309,0.00089763
2022-04-19 22:00:00,Bitfinex,DOG/USD,143080.0,145330.0,133830.0,134950.0,134.40075349999998,0.00099593
2022-04-19 21:00:00,Bitfinex,DOG/USD,142920.0,144900.0,135530.0,143090.0,129.6724507,0.00090623
2022-04-19 20:00:00,Bitfinex,DOG/USD,143280.0,144760.0,134550.0,144560.0,107.3011056,0.00074226
2022-04-19 19:00:00,Bitfinex,DOG/USD,143430.0,145430.0,137190.0,145140.0,118.3021626,0.00081509
2022-04-19 18:00:00,Bitfinex,DOG/USD,143480.0,145420.0,136940.0,144990.0,114.8161311,0.00079189
2022-04-19 17:00:00,Bitfinex,DOG/USD,143380.0,145150.0,136820.0,143450.0,117.861389,0.00082162
2022-04-19 16:00:00,Bitfinex,DOG/USD,144180.0,146630.0,136110.0,136810.0,112.1130588,0.00081948
2022-04-19 15:00:00,Bitfinex,DOG/USD,143490.0,145580.0,138720.0,144060.0,107.2296204,0.00074434
2022-04-19 14:00:00,Bitfinex,DOG/USD,143590.0,143610.0,138700.0,138710.0,97.360549,0.0007019
2022-04-19 13:00:00,Bitfinex,DOG/USD,141360.0,143580.0,139380.0,143030.0,97.389127,0.0006809
2022-04-19 11:00:00,Bitfinex,DOG/USD,141430.0,142070.0,139470.0,139500.0,49.39416,0.00035408
2022-04-19 10:00:00,Bitfinex,DOG/USD,142200.0,142200.0,139250.0,139460.0,122.2701604,0.00087674
2022-04-19 09:00:00,Bitfinex,DOG/USD,140980.0,142550.0,139160.0,139240.0,104.1055708,0.00074767
2022-04-19 08:00:00,Bitfinex,DOG/USD,140650.0,142770.0,139020.0,142450.0,107.615277,0.00075546
2022-04-19 07:00:00,Bitfinex,DOG/USD,140870.0,142490.0,138790.0,141740.0,123.7872116,0.00087334
2022-04-19 06:00:00,Bitfinex,DOG/USD,141050.0,142800.0,138600.0,138780.0,125.915094,0.0009073
2022-04-19 05:00:00,Bitfinex,DOG/USD,141410.0,142950.0,137160.0,142830.0,99.4996629,0.00069663
2022-04-19 04:00:00,Bitfinex,DOG/USD,140880.0,143160.0,134810.0,137060.0,119.7685104,0.00087384
2022-04-19 03:00:00,Bitfinex,DOG/USD,142300.0,142950.0,137540.0,137580.0,118.52517,0.0008615
2022-04-19 02:00:00,Bitfinex,DOG/USD,137890.0,142500.0,137500.0,140620.0,126.90955,0.0009025
2022-04-19 01:00:00,Bitfinex,DOG/USD,141860.0,142760.0,134870.0,141060.0,105.8415498,0.00075033
2022-04-19 00:00:00,Bitfinex,DOG/USD,141420.0,143590.0,137600.0,141870.0,135.7100046,0.00095658
2022-04-18 23:00:00,Bitfinex,DOG/USD,140710.0,142770.0,134080.0,141400.0,127.052142,0.00089853
2022-04-18 22:00:00,Bitfinex,DOG/USD,141800.0,142620.0,135120.0,135150.0,130.271085,0.0009639
2022-04-18 21:00:00,Bitfinex,DOG/USD,140190.0,142660.0,134860.0,141060.0,113.1978288,0.00080248
2022-04-18 20:00:00,Bitfinex,DOG/USD,140660.0,141190.0,133870.0,140000.0,132.9202,0.00094943
2022-04-18 19:00:00,Bitfinex,DOG/USD,139700.0,141210.0,135230.0,139330.0,118.9933932,0.00085404
2022-04-18 18:00:00,Bitfinex,DOG/USD,137130.0,141910.0,134730.0,141250.0,132.1125375,0.00093531
2022-04-18 17:00:00,Bitfinex,DOG/USD,136650.0,137300.0,134180.0,137140.0,121.8735752,0.00088868
2022-04-18 16:00:00,Bitfinex,DOG/USD,138550.0,138550.0,132810.0,134170.0,156.2919496,0.00116488
2022-04-18 15:00:00,Bitfinex,DOG/USD,135740.0,139400.0,135550.0,136910.0,110.4521425,0.00080675
2022-04-18 14:00:00,Bitfinex,DOG/USD,137280.0,138520.0,135530.0,135730.0,109.7146309,0.00080833
2022-04-18 13:00:00,Bitfinex,DOG/USD,137770.0,139040.0,134940.0,135520.0,95.57548,0.00070525
2022-04-18 12:00:00,Bitfinex,DOG/USD,134590.0,138070.0,134590.0,138070.0,124.2961368,0.00090024
2022-04-18 11:00:00,Bitfinex,DOG/USD,136410.0,138370.0,133780.0,136220.0,132.3336434,0.00097147
2022-04-18 10:00:00,Bitfinex,DOG/USD,135590.0,137840.0,133210.0,133840.0,109.6832184,0.00081951
2022-04-18 09:00:00,Bitfinex,DOG/USD,133300.0,135850.0,132930.0,132930.0,122.0390451,0.00091807
2022-04-18 08:00:00,Bitfinex,DOG/USD,135970.0,137900.0,133290.0,133290.0,106.9505631,0.00080239
2022-04-18 07:00:00,Bitfinex,DOG/USD,135630.0,136310.0,133280.0,135850.0,92.4798875,0.00068075
2022-04-18 06:00:00,Bitfinex,DOG/USD,135760.0,135760.0,132960.0,135640.0,79.79023000000001,0.00058825
2022-04-18 05:00:00,Bitfinex,DOG/USD,135630.0,136370.0,132690.0,135770.0,114.0766694,0.00084022
2022-04-18 04:00:00,Bitfinex,DOG/USD,141100.0,142080.0,133090.0,133090.0,219.9325559,0.00165251
2022-04-18 03:00:00,Bitfinex,DOG/USD,142930.0,142930.0,134320.0,141110.0,121.0935465,0.00085815
2022-04-18 02:00:00,Bitfinex,DOG/USD,141360.0,142950.0,132810.0,141380.0,134.8397612,0.00095374
2022-04-18 01:00:00,Bitfinex,DOG/USD,140770.0,142740.0,132880.0,141460.0,123.8298402,0.00087537
2022-04-18 00:00:00,Bitfinex,DOG/USD,140410.0,142010.0,133980.0,133980.0,107.2483104,0.00080048
2022-04-17 23:00:00,Bitfinex,DOG/USD,143040.0,143670.0,137230.0,140300.0,215.141632,0.00153344
2022-04-17 22:00:00,Bitfinex,DOG/USD,144180.0,144330.0,139790.0,144310.0,129.76210890000002,0.00089919
2022-04-17 21:00:00,Bitfinex,DOG/USD,142960.0,144320.0,139170.0,144210.0,117.3811716,0.00081396
2022-04-17 20:00:00,Bitfinex,DOG/USD,142890.0,143080.0,139530.0,139610.0,120.3005409,0.00086169
2022-04-17 19:00:00,Bitfinex,DOG/USD,140220.0,144320.0,137400.0,142900.0,128.93867,0.0009023
2022-04-17 18:00:00,Bitfinex,DOG/USD,141250.0,144300.0,137250.0,142920.0,112.599522,0.00078785
2022-04-17 17:00:00,Bitfinex,DOG/USD,144160.0,145480.0,141250.0,141250.0,153.541575,0.00108702
2022-04-17 16:00:00,Bitfinex,DOG/USD,145330.0,145790.0,142590.0,142970.0,113.6911737,0.00079521
2022-04-17 15:00:00,Bitfinex,DOG/USD,145250.0,145780.0,141280.0,142580.0,120.1350564,0.00084258
2022-04-17 14:00:00,Bitfinex,DOG/USD,144320.0,145770.0,141260.0,141270.0,125.9930622,0.00089186
2022-04-17 13:00:00,Bitfinex,DOG/USD,144810.0,144820.0,142180.0,142390.0,108.686287,0.0007633
2022-04-17 12:00:00,Bitfinex,DOG/USD,145010.0,145020.0,141680.0,144830.0,137.631949,0.0009503
2022-04-17 11:00:00,Bitfinex,DOG/USD,145110.0,145160.0,142710.0,142710.0,116.993658,0.0008198
2022-04-17 10:00:00,Bitfinex,DOG/USD,144880.0,146440.0,143130.0,145060.0,124.7864144,0.00086024
2022-04-17 09:00:00,Bitfinex,DOG/USD,144960.0,145650.0,142940.0,144880.0,109.413376,0.0007552
2022-04-17 08:00:00,Bitfinex,DOG/USD,145120.0,145230.0,142510.0,144970.0,129.1291281,0.00089073
2022-04-17 07:00:00,Bitfinex,DOG/USD,145080.0,145120.0,142230.0,145120.0,118.287312,0.0008151
2022-04-17 06:00:00,Bitfinex,DOG/USD,145320.0,145320.0,142530.0,145090.0,120.0489169,0.00082741
2022-04-17 05:00:00,Bitfinex,DOG/USD,144310.0,145440.0,141370.0,145320.0,114.8289576,0.00079018
2022-04-17 04:00:00,Bitfinex,DOG/USD,143220.0,145450.0,141370.0,144330.0,116.6070936,0.00080792
2022-04-17 03:00:00,Bitfinex,DOG/USD,143180.0,145480.0,143180.0,144200.0,59.71322,0.0004141
2022-04-17 02:00:00,Bitfinex,DOG/USD,144900.0,145670.0,143060.0,143170.0,116.82672,0.000816
2022-04-17 01:00:00,Bitfinex,DOG/USD,144550.0,145820.0,142740.0,145680.0,118.3897656,0.00081267
2022-04-17 00:00:00,Bitfinex,DOG/USD,144730.0,146210.0,142710.0,144570.0,91.0125978,0.00062954
2022-04-16 23:00:00,Bitfinex,DOG/USD,144780.0,146530.0,142000.0,146220.0,114.56337,0.0007835
2022-04-16 22:00:00,Bitfinex,DOG/USD,144930.0,147150.0,142000.0,144890.0,78.35651200000001,0.0005408
2022-04-16 21:00:00,Bitfinex,DOG/USD,144830.0,144950.0,141160.0,144950.0,121.5420245,0.00083851
2022-04-16 20:00:00,Bitfinex,DOG/USD,140900.0,145180.0,140900.0,140950.0,119.31840350000002,0.00084653
2022-04-16 19:00:00,Bitfinex,DOG/USD,143300.0,144400.0,140620.0,143580.0,115.5187248,0.00080456
2022-04-16 18:00:00,Bitfinex,DOG/USD,143340.0,145050.0,140610.0,142900.0,122.939728,0.00086032
2022-04-16 17:00:00,Bitfinex,DOG/USD,142970.0,145080.0,140550.0,145080.0,121.1838732,0.00083529
2022-04-16 16:00:00,Bitfinex,DOG/USD,142610.0,143490.0,139860.0,142970.0,104.8284634,0.00073322
2022-04-16 15:00:00,Bitfinex,DOG/USD,145480.0,145480.0,136380.0,139070.0,582.3305924000001,0.00418732
2022-04-16 14:00:00,Bitfinex,DOG/USD,146730.0,146980.0,140370.0,142710.0,125.6518737,0.00088047
2022-04-16 13:00:00,Bitfinex,DOG/USD,145710.0,147130.0,144670.0,145090.0,73.4692233,0.00050637
2022-04-16 12:00:00,Bitfinex,DOG/USD,145340.0,147180.0,144600.0,147130.0,111.4421472,0.00075744
2022-04-16 11:00:00,Bitfinex,DOG/USD,145990.0,147750.0,144400.0,144590.0,118.9411799,0.00082261
2022-04-16 10:00:00,Bitfinex,DOG/USD,146130.0,147960.0,144250.0,144350.0,109.8691155,0.00076113
2022-04-16 09:00:00,Bitfinex,DOG/USD,145610.0,147960.0,144200.0,147170.0,59.6141519,0.00040507
2022-04-16 08:00:00,Bitfinex,DOG/USD,146420.0,148160.0,143710.0,145610.0,109.2613757,0.00075037
2022-04-16 07:00:00,Bitfinex,DOG/USD,146490.0,148340.0,143880.0,143920.0,103.816692,0.0007213499999999
2022-04-16 06:00:00,Bitfinex,DOG/USD,147120.0,148760.0,143750.0,146490.0,134.5408107,0.00091843
2022-04-16 05:00:00,Bitfinex,DOG/USD,146440.0,148900.0,146440.0,146550.0,95.204742,0.0006496399999999
2022-04-16 04:00:00,Bitfinex,DOG/USD,149810.0,149830.0,146360.0,147820.0,121.1872706,0.00081983
2022-04-16 03:00:00,Bitfinex,DOG/USD,146310.0,149920.0,146310.0,147990.0,112.0698672,0.00075728
2022-04-16 02:00:00,Bitfinex,DOG/USD,148170.0,149780.0,145620.0,148640.0,107.1426848,0.00072082
2022-04-16 01:00:00,Bitfinex,DOG/USD,147960.0,147960.0,144970.0,145400.0,122.352646,0.00084149
2022-04-16 00:00:00,Bitfinex,DOG/USD,146960.0,148620.0,145060.0,147970.0,112.6599189,0.00076137
2022-04-15 23:00:00,Bitfinex,DOG/USD,147250.0,148630.0,144490.0,145050.0,117.0364935,0.00080687
2022-04-15 22:00:00,Bitfinex,DOG/USD,144190.0,148490.0,144020.0,144990.0,111.6060525,0.00076975
2022-04-15 21:00:00,Bitfinex,DOG/USD,146700.0,147020.0,143840.0,146870.0,116.9848924,0.00079652
2022-04-15 20:00:00,Bitfinex,DOG/USD,147580.0,147580.0,141460.0,146710.0,142.0240826,0.00096806
2022-04-15 19:00:00,Bitfinex,DOG/USD,144670.0,147590.0,141950.0,146650.0,126.9739695,0.00086583
2022-04-15 18:00:00,Bitfinex,DOG/USD,147290.0,148260.0,144480.0,144690.0,122.1574263,0.00084427
2022-04-15 17:00:00,Bitfinex,DOG/USD,146720.0,148350.0,144550.0,144770.0,119.0342371,0.00082223
2022-04-15 16:00:00,Bitfinex,DOG/USD,147440.0,148390.0,144940.0,145060.0,120.167704,0.0008284
2022-04-15 15:00:00,Bitfinex,DOG/USD,146760.0,147640.0,144650.0,145760.0,115.4098528,0.00079178
2022-04-15 14:00:00,Bitfinex,DOG/USD,145470.0,147500.0,144000.0,147300.0,172.50303,0.0011711
2022-04-15 13:00:00,Bitfinex,DOG/USD,148840.0,149560.0,145390.0,145460.0,129.233937,0.00088845
2022-04-15 12:00:00,Bitfinex,DOG/USD,148820.0,150680.0,143980.0,147140.0,122.6014622,0.00083323
2022-04-15 11:00:00,Bitfinex,DOG/USD,149070.0,150660.0,143780.0,148820.0,109.1252414,0.00073327
2022-04-15 10:00:00,Bitfinex,DOG/USD,148350.0,149070.0,141740.0,149070.0,107.8864311,0.00072373
2022-04-15 09:00:00,Bitfinex,DOG/USD,148720.0,148720.0,143920.0,144720.0,122.3187912,0.00084521
2022-04-15 08:00:00,Bitfinex,DOG/USD,146520.0,148860.0,143360.0,144040.0,115.3933248,0.00080112
2022-04-15 07:00:00,Bitfinex,DOG/USD,145890.0,147540.0,143260.0,146770.0,108.0990404,0.00073652
2022-04-15 06:00:00,Bitfinex,DOG/USD,144160.0,149040.0,141070.0,147630.0,202.1276145,0.00136915
2022-04-15 05:00:00,Bitfinex,DOG/USD,144670.0,148870.0,142670.0,146910.0,119.3100183,0.00081213
2022-04-15 04:00:00,Bitfinex,DOG/USD,144980.0,146660.0,142440.0,146130.0,130.8316503,0.00089531
2022-04-15 03:00:00,Bitfinex,DOG/USD,144130.0,146730.0,142220.0,146730.0,109.9403871,0.00074927
2022-04-15 02:00:00,Bitfinex,DOG/USD,145060.0,146500.0,142040.0,142270.0,107.8605778,0.00075814
2022-04-15 01:00:00,Bitfinex,DOG/USD,145690.0,146430.0,141090.0,141920.0,116.0863024,0.00081797
2022-04-15 00:00:00,Bitfinex,DOG/USD,144600.0,147020.0,140080.0,143930.0,126.989439,0.0008823
2022-04-14 23:00:00,Bitfinex,DOG/USD,145360.0,147290.0,139590.0,146080.0,128.3429664,0.00087858
2022-04-14 22:00:00,Bitfinex,DOG/USD,144460.0,146480.0,137820.0,143740.0,133.9182458,0.00093167
2022-04-14 21:00:00,Bitfinex,DOG/USD,143660.0,146050.0,139540.0,145650.0,115.3504305,0.00079197
2022-04-14 20:00:00,Bitfinex,DOG/USD,143850.0,144250.0,139220.0,144240.0,119.841804,0.00083085
2022-04-14 19:00:00,Bitfinex,DOG/USD,140690.0,144140.0,139030.0,142260.0,116.4739524,0.00081874
2022-04-14 18:00:00,Bitfinex,DOG/USD,143150.0,145480.0,138880.0,142640.0,121.843088,0.0008542
2022-04-14 17:00:00,Bitfinex,DOG/USD,141180.0,145670.0,138680.0,142930.0,112.2400704,0.00078528
2022-04-14 16:00:00,Bitfinex,DOG/USD,141610.0,141610.0,138540.0,141350.0,121.939818,0.00086268
2022-04-14 15:00:00,Bitfinex,DOG/USD,142640.0,142640.0,138410.0,138490.0,105.8659107,0.00076443
2022-04-14 14:00:00,Bitfinex,DOG/USD,139310.0,145920.0,136030.0,142650.0,122.433642,0.00085828
2022-04-14 13:00:00,Bitfinex,DOG/USD,146020.0,147890.0,141670.0,143430.0,206.6195208,0.00144056
2022-04-14 12:00:00,Bitfinex,DOG/USD,146230.0,147780.0,141500.0,145840.0,123.0947936,0.00084404
2022-04-14 11:00:00,Bitfinex,DOG/USD,143550.0,148190.0,137180.0,146110.0,148.6493918,0.00101738
2022-04-14 10:00:00,Bitfinex,DOG/USD,141700.0,148870.0,137010.0,137080.0,115.8161504,0.00084488
2022-04-14 09:00:00,Bitfinex,DOG/USD,140500.0,141680.0,136940.0,140030.0,105.1933366,0.00075122
2022-04-14 08:00:00,Bitfinex,DOG/USD,140850.0,140910.0,136630.0,136870.0,117.585017,0.0008591
2022-04-14 07:00:00,Bitfinex,DOG/USD,134430.0,142760.0,134280.0,136620.0,107.4325032,0.00078636
2022-04-14 06:00:00,Bitfinex,DOG/USD,141990.0,143530.0,134280.0,140570.0,215.5022442,0.00153306
2022-04-14 05:00:00,Bitfinex,DOG/USD,142170.0,144090.0,139920.0,143540.0,122.4381846,0.00085299
2022-04-14 04:00:00,Bitfinex,DOG/USD,142480.0,144070.0,139780.0,143870.0,115.6916218,0.00080414
2022-04-14 03:00:00,Bitfinex,DOG/USD,144010.0,144020.0,139650.0,143910.0,127.6899039,0.00088729
2022-04-14 02:00:00,Bitfinex,DOG/USD,143490.0,145140.0,138990.0,142240.0,105.5435024,0.00074201
2022-04-14 01:00:00,Bitfinex,DOG/USD,142170.0,145120.0,138780.0,145120.0,123.5232416,0.00085118
2022-04-14 00:00:00,Bitfinex,DOG/USD,142890.0,143760.0,137880.0,143760.0,108.6653088,0.00075588
2022-04-13 23:00:00,Bitfinex,DOG/USD,140070.0,143080.0,135450.0,141160.0,116.4838204,0.00082519
2022-04-13 22:00:00,Bitfinex,DOG/USD,140330.0,140330.0,135050.0,140070.0,114.9988707,0.00082101
2022-04-13 21:00:00,Bitfinex,DOG/USD,142570.0,142570.0,133890.0,140340.0,196.4002164,0.00139946
2022-04-13 20:00:00,Bitfinex,DOG/USD,140880.0,142730.0,139260.0,139630.0,108.8150553,0.00077931
2022-04-13 19:00:00,Bitfinex,DOG/USD,141670.0,143380.0,139270.0,140980.0,123.6972618,0.00087741
2022-04-13 18:00:00,Bitfinex,DOG/USD,142250.0,143750.0,139180.0,139270.0,113.2641129,0.0008132699999999
2022-04-13 17:00:00,Bitfinex,DOG/USD,140770.0,142260.0,139030.0,140710.0,116.7372373,0.00082963
2022-04-13 16:00:00,Bitfinex,DOG/USD,142780.0,142950.0,138800.0,142460.0,114.616193,0.00080455
2022-04-13 15:00:00,Bitfinex,DOG/USD,140770.0,143530.0,137330.0,141250.0,117.5044625,0.00083189
2022-04-13 14:00:00,Bitfinex,DOG/USD,140980.0,142910.0,136430.0,140770.0,94.4749701,0.00067113
2022-04-13 13:00:00,Bitfinex,DOG/USD,137620.0,142780.0,135360.0,142780.0,122.2096854,0.00085593
2022-04-13 12:00:00,Bitfinex,DOG/USD,138350.0,138790.0,134420.0,135360.0,96.9150528,0.00071598
2022-04-13 11:00:00,Bitfinex,DOG/USD,140210.0,141610.0,131460.0,138360.0,110.0764488,0.0007955799999999
2022-04-13 10:00:00,Bitfinex,DOG/USD,140690.0,142260.0,132860.0,132860.0,160.29160420000002,0.00120647
2022-04-13 09:00:00,Bitfinex,DOG/USD,141940.0,143650.0,139940.0,139940.0,146.8082552,0.00104908
2022-04-13 08:00:00,Bitfinex,DOG/USD,139760.0,144010.0,139760.0,139860.0,115.2488358,0.00082403
2022-04-13 07:00:00,Bitfinex,DOG/USD,142880.0,143380.0,139680.0,143210.0,102.7746565,0.00071765
2022-04-13 06:00:00,Bitfinex,DOG/USD,142410.0,144100.0,139550.0,139630.0,107.8879121,0.00077267
2022-04-13 05:00:00,Bitfinex,DOG/USD,142600.0,144180.0,139380.0,144110.0,119.4037816,0.00082856
2022-04-13 04:00:00,Bitfinex,DOG/USD,139220.0,143950.0,139220.0,143950.0,116.550557,0.00080966
2022-04-13 03:00:00,Bitfinex,DOG/USD,143130.0,143740.0,138960.0,141670.0,129.812221,0.0009163
2022-04-13 02:00:00,Bitfinex,DOG/USD,142780.0,144560.0,138870.0,141470.0,102.4313535,0.00072405
2022-04-07 01:00:00,Bitfinex,DOG/USD,141960.0,141960.0,138100.0,138100.0,8.440672,6.112e-05
2022-04-07 00:00:00,Bitfinex,DOG/USD,144840.0,145600.0,140650.0,140650.0,196.7763825,0.00139905
2022-04-06 23:00:00,Bitfinex,DOG/USD,145490.0,145490.0,141220.0,143260.0,111.0236348,0.00077498
2022-04-06 22:00:00,Bitfinex,DOG/USD,148750.0,148780.0,141590.0,143540.0,217.7961128,0.00151732
2022-04-06 21:00:00,Bitfinex,DOG/USD,148150.0,149430.0,142240.0,147310.0,123.6240251,0.00083921
2022-04-06 20:00:00,Bitfinex,DOG/USD,145310.0,149170.0,141980.0,142230.0,120.6551313,0.00084831
2022-04-06 19:00:00,Bitfinex,DOG/USD,146280.0,146280.0,140960.0,145320.0,114.0631212,0.00078491
2022-04-06 18:00:00,Bitfinex,DOG/USD,149980.0,151640.0,140840.0,140950.0,217.4449745,0.00154271
2022-04-06 17:00:00,Bitfinex,DOG/USD,147470.0,151370.0,144650.0,150990.0,126.3242736,0.00083664
2022-04-06 16:00:00,Bitfinex,DOG/USD,144360.0,150010.0,144360.0,144620.0,114.1760438,0.00078949
2022-04-06 15:00:00,Bitfinex,DOG/USD,151710.0,151710.0,142600.0,148640.0,160.917664,0.0010826
2022-04-06 14:00:00,Bitfinex,DOG/USD,148100.0,152000.0,141590.0,149950.0,117.5533025,0.00078395
2022-04-06 13:00:00,Bitfinex,DOG/USD,153730.0,156610.0,144550.0,144650.0,217.296123,0.00150222
2022-04-06 12:00:00,Bitfinex,DOG/USD,153650.0,154280.0,150880.0,153390.0,118.1425119,0.00077021
2022-04-06 11:00:00,Bitfinex,DOG/USD,154820.0,155760.0,149190.0,153660.0,120.9242736,0.00078696
2022-04-06 10:00:00,Bitfinex,DOG/USD,157900.0,159690.0,149320.0,156130.0,530.9091359,0.00340043
2022-04-06 09:00:00,Bitfinex,DOG/USD,164670.0,164670.0,154910.0,154910.0,148.5617882,0.00095902
2022-04-06 08:00:00,Bitfinex,DOG/USD,162060.0,164640.0,156240.0,157280.0,127.9504256,0.00081352
2022-04-06 07:00:00,Bitfinex,DOG/USD,163430.0,168130.0,158950.0,158950.0,299.735194,0.00188572
2022-04-06 06:00:00,Bitfinex,DOG/USD,162830.0,165410.0,158890.0,163420.0,146.7168418,0.00089779
2022-04-06 05:00:00,Bitfinex,DOG/USD,163200.0,165460.0,156830.0,158790.0,139.30329120000002,0.00087728
2022-04-06 04:00:00,Bitfinex,DOG/USD,163000.0,163460.0,155810.0,163460.0,140.371275,0.00085875
2022-04-06 03:00:00,Bitfinex,DOG/USD,161780.0,162650.0,155640.0,161090.0,139.5232708,0.00086612
2022-04-06 02:00:00,Bitfinex,DOG/USD,161000.0,163840.0,153470.0,161790.0,131.4608466,0.00081254
2022-04-06 01:00:00,Bitfinex,DOG/USD,167050.0,167560.0,157840.0,157960.0,554.0857696,0.00350776
2022-04-06 00:00:00,Bitfinex,DOG/USD,173010.0,175600.0,157650.0,165690.0,254.7897975,0.00153775
2022-04-05 23:00:00,Bitfinex,DOG/USD,171510.0,176850.0,163800.0,174090.0,145.1022741,0.00083349
2022-04-05 22:00:00,Bitfinex,DOG/USD,167900.0,171490.0,161880.0,171150.0,891.7086150000001,0.0052101
2022-04-05 21:00:00,Bitfinex,DOG/USD,164890.0,167900.0,161150.0,167900.0,150.591189,0.00089691
2022-04-05 20:00:00,Bitfinex,DOG/USD,166640.0,166640.0,160900.0,164900.0,129.989021,0.00078829
2022-04-05 19:00:00,Bitfinex,DOG/USD,167900.0,169540.0,158750.0,166650.0,153.811284,0.00092296
2022-04-05 18:00:00,Bitfinex,DOG/USD,170320.0,174130.0,162520.0,169470.0,1055.1168306,0.00622598
2022-04-05 17:00:00,Bitfinex,DOG/USD,175040.0,178800.0,162700.0,164220.0,1445.7501828000002,0.00880374
2022-04-05 16:00:00,Bitfinex,DOG/USD,161840.0,172290.0,158020.0,172290.0,154.2012729,0.00089501
2022-04-05 15:00:00,Bitfinex,DOG/USD,165290.0,165290.0,156440.0,164310.0,808.2622503,0.00491913
2022-04-05 14:00:00,Bitfinex,DOG/USD,160460.0,163030.0,151490.0,162790.0,122.0859884,0.00074996
2022-04-05 13:00:00,Bitfinex,DOG/USD,156760.0,161400.0,151320.0,158520.0,122.0794224,0.00077012
2022-04-05 12:00:00,Bitfinex,DOG/USD,152870.0,157700.0,148670.0,151310.0,800.4193083,0.00528993
2022-04-05 11:00:00,Bitfinex,DOG/USD,155030.0,155040.0,148130.0,152870.0,117.8428969,0.00077087
2022-04-05 10:00:00,Bitfinex,DOG/USD,150500.0,154950.0,145320.0,154260.0,222.5802114,0.0014428899999999
2022-04-05 09:00:00,Bitfinex,DOG/USD,151340.0,153950.0,148740.0,148740.0,302.9417328,0.00203672
2022-04-05 08:00:00,Bitfinex,DOG/USD,153920.0,155050.0,151120.0,151330.0,115.0788985,0.00076045
2022-04-05 07:00:00,Bitfinex,DOG/USD,154910.0,154990.0,151100.0,153590.0,117.0908724,0.00076236
2022-04-05 06:00:00,Bitfinex,DOG/USD,154840.0,156660.0,151090.0,153190.0,653.5774755,0.00426645
2022-04-05 05:00:00,Bitfinex,DOG/USD,151050.0,155870.0,148850.0,155410.0,137.0793905,0.00088205
2022-04-05 04:00:00,Bitfinex,DOG/USD,151380.0,151380.0,148560.0,151050.0,121.652649,0.00080538
2022-04-05 03:00:00,Bitfinex,DOG/USD,151730.0,153940.0,148120.0,151400.0,127.277438,0.00084067
2022-04-05 02:00:00,Bitfinex,DOG/USD,151210.0,151810.0,147950.0,148020.0,96.1582326,0.00064963
2022-04-05 01:00:00,Bitfinex,DOG/USD,150330.0,153480.0,147350.0,147880.0,173.90835879999997,0.00117601
2022-04-05 00:00:00,Bitfinex,DOG/USD,149450.0,150330.0,147180.0,149880.0,135.4255728,0.00090356
2022-04-04 23:00:00,Bitfinex,DOG/USD,149580.0,152620.0,147170.0,151240.0,102.4439264,0.00067736
2022-04-04 22:00:00,Bitfinex,DOG/USD,148030.0,149740.0,144350.0,149580.0,139.85729999999998,0.000935
2022-04-04 21:00:00,Bitfinex,DOG/USD,149270.0,149980.0,141850.0,148030.0,135.2934988,0.00091396
2022-04-04 20:00:00,Bitfinex,DOG/USD,146990.0,148870.0,140480.0,147280.0,110.6308448,0.00075116
2022-04-04 19:00:00,Bitfinex,DOG/USD,143870.0,147010.0,137750.0,145510.0,128.9407763,0.00088613
2022-04-04 18:00:00,Bitfinex,DOG/USD,144500.0,145770.0,137200.0,143880.0,105.456846,0.00073295
2022-04-04 17:00:00,Bitfinex,DOG/USD,145680.0,147520.0,135480.0,137440.0,107.1798352,0.00077983
2022-04-04 16:00:00,Bitfinex,DOG/USD,144250.0,147640.0,134790.0,145870.0,132.8948635,0.00091105
2022-04-04 15:00:00,Bitfinex,DOG/USD,149300.0,149360.0,134840.0,145370.0,855.7277735,0.00588655
2022-04-04 14:00:00,Bitfinex,DOG/USD,150860.0,153660.0,146590.0,146770.0,128.1111299,0.00087287
2022-04-04 13:00:00,Bitfinex,DOG/USD,152110.0,153920.0,146500.0,152940.0,105.696834,0.0006911
2022-04-04 12:00:00,Bitfinex,DOG/USD,145520.0,158360.0,145520.0,153540.0,807.3424926,0.00525819
2022-04-04 11:00:00,Bitfinex,DOG/USD,149630.0,157030.0,144940.0,157030.0,476.4667072,0.00303424
2022-04-04 10:00:00,Bitfinex,DOG/USD,141100.0,149810.0,139600.0,148720.0,754.5205096000001,0.00507343
2022-04-04 09:00:00,Bitfinex,DOG/USD,144800.0,146380.0,140610.0,142680.0,116.39121,0.00081575
2022-04-04 08:00:00,Bitfinex,DOG/USD,140070.0,147130.0,140070.0,146600.0,126.436636,0.00086246
2022-04-04 07:00:00,Bitfinex,DOG/USD,147410.0,147410.0,140060.0,140060.0,100.0196472,0.0007141199999999
2022-04-04 06:00:00,Bitfinex,DOG/USD,146160.0,147650.0,141750.0,141750.0,121.805775,0.0008593
2022-04-04 05:00:00,Bitfinex,DOG/USD,145840.0,148100.0,141710.0,147780.0,111.9463056,0.00075752
2022-04-04 04:00:00,Bitfinex,DOG/USD,147570.0,148580.0,140630.0,141630.0,104.8359423,0.00074021
2022-04-04 03:00:00,Bitfinex,DOG/USD,144730.0,147600.0,139290.0,145620.0,106.7627592,0.00073316
2022-04-04 02:00:00,Bitfinex,DOG/USD,146800.0,146800.0,138100.0,144740.0,142.78456260000002,0.00098649
2022-04-04 01:00:00,Bitfinex,DOG/USD,141820.0,147210.0,137110.0,145350.0,116.655003,0.00080258
2022-04-04 00:00:00,Bitfinex,DOG/USD,148370.0,148370.0,141080.0,144350.0,193.8577195,0.00134297
2022-04-03 23:00:00,Bitfinex,DOG/USD,147600.0,148860.0,144830.0,147520.0,116.754704,0.00079145
2022-04-03 22:00:00,Bitfinex,DOG/USD,148990.0,151100.0,142700.0,144820.0,119.1303802,0.00082261
2022-04-03 21:00:00,Bitfinex,DOG/USD,146580.0,149380.0,142690.0,142690.0,123.1714349,0.00086321
2022-04-03 20:00:00,Bitfinex,DOG/USD,146320.0,148740.0,143700.0,146690.0,126.6066721,0.00086309
2022-04-03 19:00:00,Bitfinex,DOG/USD,146620.0,148550.0,143490.0,143690.0,124.5921621,0.00086709
2022-04-03 18:00:00,Bitfinex,DOG/USD,148160.0,148720.0,143380.0,143480.0,127.381544,0.0008878
2022-04-03 17:00:00,Bitfinex,DOG/USD,147310.0,148870.0,143230.0,146560.0,122.055168,0.0008328
2022-04-03 16:00:00,Bitfinex,DOG/USD,148290.0,149070.0,141960.0,143150.0,430.744076,0.00300904
2022-04-03 15:00:00,Bitfinex,DOG/USD,150190.0,150190.0,141780.0,146590.0,115.4879997,0.00078783
2022-04-03 14:00:00,Bitfinex,DOG/USD,145070.0,151520.0,137250.0,148780.0,811.1307064,0.00545188
2022-04-03 13:00:00,Bitfinex,DOG/USD,145110.0,145940.0,137070.0,137360.0,116.5321032,0.00084837
2022-04-03 12:00:00,Bitfinex,DOG/USD,143240.0,145340.0,136780.0,143360.0,112.8730624,0.00078734
2022-04-03 11:00:00,Bitfinex,DOG/USD,141220.0,143460.0,136570.0,141380.0,106.7221068,0.00075486
2022-04-03 10:00:00,Bitfinex,DOG/USD,142980.0,143130.0,135990.0,142940.0,122.7611602,0.00085883
2022-04-03 09:00:00,Bitfinex,DOG/USD,141050.0,143130.0,135470.0,135980.0,121.2003338,0.00089131
2022-04-03 08:00:00,Bitfinex,DOG/USD,135000.0,143700.0,135000.0,140910.0,115.7646105,0.00082155
2022-04-03 07:00:00,Bitfinex,DOG/USD,144720.0,144720.0,134640.0,141950.0,116.0654175,0.00081765
2022-04-03 06:00:00,Bitfinex,DOG/USD,141660.0,143970.0,133060.0,142590.0,125.4207381,0.00087959
2022-04-03 05:00:00,Bitfinex,DOG/USD,141270.0,143610.0,132660.0,143250.0,109.354185,0.00076338
2022-04-03 04:00:00,Bitfinex,DOG/USD,141840.0,143250.0,132320.0,143250.0,115.7932725,0.00080833
2022-04-03 03:00:00,Bitfinex,DOG/USD,138550.0,141740.0,131830.0,139960.0,108.4578032,0.00077492
2022-04-03 02:00:00,Bitfinex,DOG/USD,129360.0,140980.0,128570.0,138580.0,1395.5130722,0.01007009
2022-04-03 01:00:00,Bitfinex,DOG/USD,140470.0,142100.0,130190.0,138860.0,216.7993408,0.00156128
2022-04-03 00:00:00,Bitfinex,DOG/USD,139720.0,142710.0,138310.0,140500.0,116.223005,0.00082721
2022-04-02 23:00:00,Bitfinex,DOG/USD,143050.0,143060.0,138100.0,138300.0,121.348569,0.00087743
2022-04-02 22:00:00,Bitfinex,DOG/USD,143080.0,143150.0,137840.0,141370.0,125.7797164,0.00088972
2022-04-02 21:00:00,Bitfinex,DOG/USD,141440.0,143140.0,137530.0,137830.0,121.2821302,0.00087994
2022-04-02 20:00:00,Bitfinex,DOG/USD,140140.0,142990.0,137250.0,137520.0,118.6137504,0.00086252
2022-04-02 19:00:00,Bitfinex,DOG/USD,140320.0,140320.0,137090.0,140150.0,99.904526,0.00071284
2022-04-02 18:00:00,Bitfinex,DOG/USD,141150.0,141550.0,137030.0,140120.0,207.7811456,0.00148288
2022-04-02 17:00:00,Bitfinex,DOG/USD,141860.0,142050.0,138760.0,141810.0,130.2609936,0.00091856
2022-04-02 16:00:00,Bitfinex,DOG/USD,141290.0,142590.0,138500.0,138750.0,119.5511625,0.00086163
2022-04-02 15:00:00,Bitfinex,DOG/USD,143910.0,143910.0,138310.0,141910.0,199.3438152,0.00140472
2022-04-02 14:00:00,Bitfinex,DOG/USD,144130.0,144130.0,141410.0,143400.0,117.0144,0.000816
2022-04-02 13:00:00,Bitfinex,DOG/USD,144150.0,144830.0,141220.0,144130.0,117.7931251,0.00081727
2022-04-02 12:00:00,Bitfinex,DOG/USD,144010.0,145630.0,141150.0,144830.0,198.330202,0.0013694
2022-04-02 11:00:00,Bitfinex,DOG/USD,144650.0,146350.0,142100.0,145960.0,116.7796768,0.00080008
2022-04-02 10:00:00,Bitfinex,DOG/USD,146320.0,146320.0,141860.0,146180.0,112.1185982,0.00076699
2022-04-02 09:00:00,Bitfinex,DOG/USD,145830.0,146380.0,141340.0,144750.0,128.09796,0.00088496
2022-04-02 08:00:00,Bitfinex,DOG/USD,146070.0,146070.0,141090.0,141330.0,114.3486897,0.00080909
2022-04-02 07:00:00,Bitfinex,DOG/USD,144540.0,146470.0,140970.0,144440.0,118.1316984,0.00081786
2022-04-02 06:00:00,Bitfinex,DOG/USD,140780.0,146510.0,140780.0,144570.0,113.9457369,0.00078817
2022-04-02 05:00:00,Bitfinex,DOG/USD,146340.0,146510.0,140510.0,144470.0,119.259985,0.0008255
2022-04-02 04:00:00,Bitfinex,DOG/USD,143800.0,146520.0,139530.0,144580.0,118.136318,0.0008171
2022-04-02 03:00:00,Bitfinex,DOG/USD,145290.0,145790.0,138860.0,139520.0,111.6425088,0.00080019
2022-04-02 02:00:00,Bitfinex,DOG/USD,143820.0,146120.0,139510.0,143820.0,143.8602696,0.00100028
